"entity_id","state","status","coupon_code","protect_code","shipping_description","is_virtual","store_id","customer_id","base_discount_amount","base_discount_canceled","base_discount_invoiced","base_discount_refunded","base_grand_total","base_shipping_amount","base_shipping_canceled","base_shipping_invoiced","base_shipping_refunded","base_shipping_tax_amount","base_shipping_tax_refunded","base_subtotal","base_subtotal_canceled","base_subtotal_invoiced","base_subtotal_refunded","base_tax_amount","base_tax_canceled","base_tax_invoiced","base_tax_refunded","base_to_global_rate","base_to_order_rate","base_total_canceled","base_total_invoiced","base_total_invoiced_cost","base_total_offline_refunded","base_total_online_refunded","base_total_paid","base_total_qty_ordered","base_total_refunded","discount_amount","discount_canceled","discount_invoiced","discount_refunded","grand_total","shipping_amount","shipping_canceled","shipping_invoiced","shipping_refunded","shipping_tax_amount","shipping_tax_refunded","store_to_base_rate","store_to_order_rate","subtotal","subtotal_canceled","subtotal_invoiced","subtotal_refunded","tax_amount","tax_canceled","tax_invoiced","tax_refunded","total_canceled","total_invoiced","total_offline_refunded","total_online_refunded","total_paid","total_qty_ordered","total_refunded","can_ship_partially","can_ship_partially_item","customer_is_guest","customer_note_notify","billing_address_id","customer_group_id","edit_increment","email_sent","send_email","forced_shipment_with_invoice","payment_auth_expiration","quote_address_id","quote_id","shipping_address_id","adjustment_negative","adjustment_positive","base_adjustment_negative","base_adjustment_positive","base_shipping_discount_amount","base_subtotal_incl_tax","base_total_due","payment_authorization_amount","shipping_discount_amount","subtotal_incl_tax","total_due","weight","customer_dob","increment_id","applied_rule_ids","base_currency_code","customer_email","customer_firstname","customer_lastname","customer_middlename","customer_prefix","customer_suffix","customer_taxvat","discount_description","ext_customer_id","ext_order_id","global_currency_code","hold_before_state","hold_before_status","order_currency_code","original_increment_id","relation_child_id","relation_child_real_id","relation_parent_id","relation_parent_real_id","remote_ip","shipping_method","store_currency_code","store_name","x_forwarded_for","customer_note","created_at","updated_at","total_item_count","customer_gender","discount_tax_compensation_amount","base_discount_tax_compensation_amount","shipping_discount_tax_compensation_amount","base_shipping_discount_tax_compensation_amnt","discount_tax_compensation_invoiced","base_discount_tax_compensation_invoiced","discount_tax_compensation_refunded","base_discount_tax_compensation_refunded","shipping_incl_tax","base_shipping_incl_tax","coupon_rule_name","gift_message_id","paypal_ipn_customer_notified","item_id","order_id","parent_item_id","quote_item_id","store_id(2)","created_at(2)","updated_at(2)","product_id","product_type","product_options","weight(2)","is_virtual(2)","sku","name","description","applied_rule_ids(2)","additional_data","is_qty_decimal","no_discount","qty_backordered","qty_canceled","qty_invoiced","qty_ordered","qty_refunded","qty_shipped","base_cost","price","base_price","original_price","base_original_price","tax_percent","tax_amount(2)","base_tax_amount(2)","tax_invoiced(2)","base_tax_invoiced(2)","discount_percent","discount_amount(2)","base_discount_amount(2)","discount_invoiced(2)","base_discount_invoiced(2)","amount_refunded","base_amount_refunded","row_total","base_row_total","row_invoiced","base_row_invoiced","row_weight","base_tax_before_discount","tax_before_discount","ext_order_item_id","locked_do_invoice","locked_do_ship","price_incl_tax","base_price_incl_tax","row_total_incl_tax","base_row_total_incl_tax","discount_tax_compensation_amount(2)","base_discount_tax_compensation_amount(2)","discount_tax_compensation_invoiced(2)","base_discount_tax_compensation_invoiced(2)","discount_tax_compensation_refunded(2)","base_discount_tax_compensation_refunded(2)","tax_canceled(2)","discount_tax_compensation_canceled","tax_refunded(2)","base_tax_refunded(2)","discount_refunded(2)","base_discount_refunded(2)","free_shipping","gift_message_id(2)","gift_message_available","weee_tax_applied","weee_tax_applied_amount","weee_tax_applied_row_amount","weee_tax_disposition","weee_tax_row_disposition","base_weee_tax_applied_amount","base_weee_tax_applied_row_amnt","base_weee_tax_disposition","base_weee_tax_row_disposition"
"1","processing","processing",,,"Flat Rate - Fixed","0","1","1","0",,"0",,"7365","15",,"15",,"0",,"7350",,"7350",,"0",,"0",,"1","1",,"7365","0",,,"7365",,,"0",,"0",,"7365","15",,"15",,"0",,"0","0","7350",,"7350",,"0",,"0",,,"7365",,,"7365","3",,,,"0","0","2","1",,"1","1",,,,"2","1",,,,,"0","7350","0",,"0","7350","0","3",,"000000001",,"RUB","rrrr@example.ru","Аркадий","Укупник",,,,,,,,"RUB",,,"RUB",,,,,,,"flatrate_flatrate","RUB","Main Website
Main Website Store
",,,"12/12/2017 13:16:16","12/12/2017 13:27:19","3","1","0","0","0",,"0","0",,,"15","15",,,"0","1","1",,"4","1","12/12/2017 13:16:16","12/12/2017 13:27:19","715","simple",,"1","0","180177-100500","Шляпа",,,,"0","0",,"0","1","1","0","0",,"2450","2450","2450","2450","0","0","0","0","0","0","0","0","0","0","0","0","2450","2450","2450","2450","1",,,,,,"2450","2450","2450","2450","0","0","0","0",,,,,,,,,"0",,,"[]",,,,,,,,
"1","processing","processing",,,"Flat Rate - Fixed","0","1","1","0",,"0",,"7365","15",,"15",,"0",,"7350",,"7350",,"0",,"0",,"1","1",,"7365","0",,,"7365",,,"0",,"0",,"7365","15",,"15",,"0",,"0","0","7350",,"7350",,"0",,"0",,,"7365",,,"7365","3",,,,"0","0","2","1",,"1","1",,,,"2","1",,,,,"0","7350","0",,"0","7350","0","3",,"000000001",,"RUB","rrrr@example.ru","Аркадий","Укупник",,,,,,,,"RUB",,,"RUB",,,,,,,"flatrate_flatrate","RUB","Main Website
Main Website Store
",,,"12/12/2017 13:16:16","12/12/2017 13:27:19","3","1","0","0","0",,"0","0",,,"15","15",,,"0","2","1",,"5","1","12/12/2017 13:16:16","12/12/2017 13:27:19","716","simple",,"1","0","180177-100499","Шляпа",,,,"0","0",,"0","1","1","0","0",,"2450","2450","2450","2450","0","0","0","0","0","0","0","0","0","0","0","0","2450","2450","2450","2450","1",,,,,,"2450","2450","2450","2450","0","0","0","0",,,,,,,,,"0",,,"[]",,,,,,,,
"1","processing","processing",,,"Flat Rate - Fixed","0","1","1","0",,"0",,"7365","15",,"15",,"0",,"7350",,"7350",,"0",,"0",,"1","1",,"7365","0",,,"7365",,,"0",,"0",,"7365","15",,"15",,"0",,"0","0","7350",,"7350",,"0",,"0",,,"7365",,,"7365","3",,,,"0","0","2","1",,"1","1",,,,"2","1",,,,,"0","7350","0",,"0","7350","0","3",,"000000001",,"RUB","rrrr@example.ru","Аркадий","Укупник",,,,,,,,"RUB",,,"RUB",,,,,,,"flatrate_flatrate","RUB","Main Website
Main Website Store
",,,"12/12/2017 13:16:16","12/12/2017 13:27:19","3","1","0","0","0",,"0","0",,,"15","15",,,"0","3","1",,"6","1","12/12/2017 13:16:16","12/12/2017 13:27:19","718","simple",,"1","0","180177-100498","Шляпа",,,,"0","0",,"0","1","1","0","0",,"2450","2450","2450","2450","0","0","0","0","0","0","0","0","0","0","0","0","2450","2450","2450","2450","1",,,,,,"2450","2450","2450","2450","0","0","0","0",,,,,,,,,"0",,,"[]",,,,,,,,
"2","processing","processing",,,"Flat Rate - Fixed","0","1","1","0",,"0",,"7365","15",,"15",,"0",,"7350",,"7350",,"0",,"0",,"1","1",,"7365","0",,,"7365",,,"0",,"0",,"7365","15",,"15",,"0",,"0","0","7350",,"7350",,"0",,"0",,,"7365",,,"7365","3",,,,"0","0","4","1",,"1","1",,,,"5","3",,,,,"0","7350","0",,"0","7350","0","3",,"000000002",,"RUB","rrrr@example.ru","Аркадий","Укупник",,,,,,,,"RUB",,,"RUB",,,,,,,"flatrate_flatrate","RUB","Main Website
Main Website Store
",,,"12/12/2017 13:28:39","12/12/2017 13:29:11","3","1","0","0","0",,"0","0",,,"15","15",,,"0","4","2",,"7","1","12/12/2017 13:28:39","12/12/2017 13:29:11","715","simple",,"1","0","180177-100497","Шляпа",,,,"0","0",,"0","1","1","0","0",,"2450","2450","2450","2450","0","0","0","0","0","0","0","0","0","0","0","0","2450","2450","2450","2450","1",,,,,,"2450","2450","2450","2450","0","0","0","0",,,,,,,,,"0",,,"[]",,,,,,,,
"2","processing","processing",,,"Flat Rate - Fixed","0","1","1","0",,"0",,"7365","15",,"15",,"0",,"7350",,"7350",,"0",,"0",,"1","1",,"7365","0",,,"7365",,,"0",,"0",,"7365","15",,"15",,"0",,"0","0","7350",,"7350",,"0",,"0",,,"7365",,,"7365","3",,,,"0","0","4","1",,"1","1",,,,"5","3",,,,,"0","7350","0",,"0","7350","0","3",,"000000002",,"RUB","rrrr@example.ru","Аркадий","Укупник",,,,,,,,"RUB",,,"RUB",,,,,,,"flatrate_flatrate","RUB","Main Website
Main Website Store
",,,"12/12/2017 13:28:39","12/12/2017 13:29:11","3","1","0","0","0",,"0","0",,,"15","15",,,"0","5","2",,"8","1","12/12/2017 13:28:39","12/12/2017 13:29:11","716","simple",,"1","0","180177-100496","Шляпа",,,,"0","0",,"0","1","1","0","0",,"2450","2450","2450","2450","0","0","0","0","0","0","0","0","0","0","0","0","2450","2450","2450","2450","1",,,,,,"2450","2450","2450","2450","0","0","0","0",,,,,,,,,"0",,,"[]",,,,,,,,
"2","processing","processing",,,"Flat Rate - Fixed","0","1","1","0",,"0",,"7365","15",,"15",,"0",,"7350",,"7350",,"0",,"0",,"1","1",,"7365","0",,,"7365",,,"0",,"0",,"7365","15",,"15",,"0",,"0","0","7350",,"7350",,"0",,"0",,,"7365",,,"7365","3",,,,"0","0","4","1",,"1","1",,,,"5","3",,,,,"0","7350","0",,"0","7350","0","3",,"000000002",,"RUB","rrrr@example.ru","Аркадий","Укупник",,,,,,,,"RUB",,,"RUB",,,,,,,"flatrate_flatrate","RUB","Main Website
Main Website Store
",,,"12/12/2017 13:28:39","12/12/2017 13:29:11","3","1","0","0","0",,"0","0",,,"15","15",,,"0","6","2",,"9","1","12/12/2017 13:28:39","12/12/2017 13:29:11","718","simple",,"1","0","180177-100495","Шляпа",,,,"0","0",,"0","1","1","0","0",,"2450","2450","2450","2450","0","0","0","0","0","0","0","0","0","0","0","0","2450","2450","2450","2450","1",,,,,,"2450","2450","2450","2450","0","0","0","0",,,,,,,,,"0",,,"[]",,,,,,,,
"3","new","pending",,,"Flat Rate - Fixed","0","1","1","0",,,,"2434","10",,,,"0",,"2424",,,,"0",,,,"1","1",,,,,,,,,"0",,,,"2434","10",,,,"0",,"0","0","2424",,,,"0",,,,,,,,,"2",,,,"0","0","6","1",,,,,,,"6","5",,,,,"0","2424","2434",,"0","2424","2434","24",,"000000003",,"RUB","rrrr@example.ru","Аркадий","Укупник",,,,,,,,"RUB",,,"RUB",,,,,,,"flatrate_flatrate","RUB","Main Website
Main Website Store
",,,"12/12/2017 16:45:32","12/12/2017 16:45:32","2","1","0","0","0",,,,,,"10","10",,,"0","7","3",,"10","1","12/12/2017 16:45:32","12/12/2017 16:45:32","8689","simple",,"12","0","180177-100494","Большая шляпа",,,,"0","0",,"0","0","1","0","0",,"1212","1212","1212","1212","0","0","0","0","0","0","0","0","0","0","0","0","1212","1212","0","0","12",,,,,,"1212","1212","1212","1212","0","0",,,,,,,,,,,"0",,,,,,,,,,,
"3","new","pending",,,"Flat Rate - Fixed","0","1","1","0",,,,"2434","10",,,,"0",,"2424",,,,"0",,,,"1","1",,,,,,,,,"0",,,,"2434","10",,,,"0",,"0","0","2424",,,,"0",,,,,,,,,"2",,,,"0","0","6","1",,,,,,,"6","5",,,,,"0","2424","2434",,"0","2424","2434","24",,"000000003",,"RUB","rrrr@example.ru","Аркадий","Укупник",,,,,,,,"RUB",,,"RUB",,,,,,,"flatrate_flatrate","RUB","Main Website
Main Website Store
",,,"12/12/2017 16:45:32","12/12/2017 16:45:32","2","1","0","0","0",,,,,,"10","10",,,"0","8","3",,"11","1","12/12/2017 16:45:32","12/12/2017 16:45:32","8691","simple",,"12","0","180177-100493","Большая шляпа",,,,"0","0",,"0","0","1","0","0",,"1212","1212","1212","1212","0","0","0","0","0","0","0","0","0","0","0","0","1212","1212","0","0","12",,,,,,"1212","1212","1212","1212","0","0",,,,,,,,,,,"0",,,,,,,,,,,
"4","new","pending",,,"Flat Rate - Fixed","0","1","1","0",,,,"2434","10",,,,"0",,"2424",,,,"0",,,,"1","1",,,,,,,,,"0",,,,"2434","10",,,,"0",,"0","0","2424",,,,"0",,,,,,,,,"2",,,,"0","1","8","1",,"1","1",,,,"39","7",,,,,"0","2424","2434",,"0","2424","2434","24","07/08/2017 00:00:00","000000004",,"RUB","rrrr@example.ru","Аркадий","Укупник",,,,,,,,"RUB",,,"RUB",,,,,,,"flatrate_flatrate","RUB","Main Website
Main Website Store
",,,"28/12/2017 19:18:49","28/12/2017 19:18:49","2","1","0","0","0","0",,,,,"10","10",,,"0","9","4",,"90","1","28/12/2017 19:18:49","28/12/2017 19:18:49","8689","simple",,"12","0","180177-100492","Большая шляпа",,,,"0","0",,"0","0","1","0","0",,"1212","1212","1212","1212","0","0","0","0","0","0","0","0","0","0","0","0","1212","1212","0","0","12",,,,,,"1212","1212","1212","1212","0","0",,,,,,,,,,,"0",,,,,,,,,,,
"4","new","pending",,,"Flat Rate - Fixed","0","1","1","0",,,,"2434","10",,,,"0",,"2424",,,,"0",,,,"1","1",,,,,,,,,"0",,,,"2434","10",,,,"0",,"0","0","2424",,,,"0",,,,,,,,,"2",,,,"0","1","8","1",,"1","1",,,,"39","7",,,,,"0","2424","2434",,"0","2424","2434","24","07/08/2017 00:00:00","000000004",,"RUB","rrrr@example.ru","Аркадий","Укупник",,,,,,,,"RUB",,,"RUB",,,,,,,"flatrate_flatrate","RUB","Main Website
Main Website Store
",,,"28/12/2017 19:18:49","28/12/2017 19:18:49","2","1","0","0","0","0",,,,,"10","10",,,"0","10","4",,"91","1","28/12/2017 19:18:49","28/12/2017 19:18:49","8691","simple",,"12","0","180177-100491","Большая шляпа",,,,"0","0",,"0","0","1","0","0",,"1212","1212","1212","1212","0","0","0","0","0","0","0","0","0","0","0","0","1212","1212","0","0","12",,,,,,"1212","1212","1212","1212","0","0",,,,,,,,,,,"0",,,,,,,,,,,
